{
  "-M4FHi3oY1uGnxH-g6vC" : {
    "ECGL" : -7.55710130558118,
    "ECGR" : -10.7340435917995,
    "GSR" : -21247.8679322715
  },
  "-M4FHq1RLrFd7wplkA4c" : {
    "ECGL" : -7.55710130558118,
    "ECGR" : -10.7340435917995,
    "GSR" : -21247.8679322715
  },
  "-M4FI0GlYlTlmLf_dOsE" : {
    "ECGL" : -7.55710130558118,
    "ECGR" : -10.7340435917995,
    "GSR" : -21247.8679322715
  },
  "-M4LGucnwuYEvOzEzRdY" : {
    "ECGL" : -7.55710130558118,
    "ECGR" : -10.7340435917995,
    "GSR" : -21247.8679322715
  }
}
